NAME.x	HMDB	KEGG	name
peak12	HMDB0000158	NA	TYROSINE/Tyrosine/Tyrosine; CE10; OUYCCCASQSFEME-QMMMGPOBSA-N
peak38	HMDB0015075	C07849	Methantheline
peak38	HMDB0015591	C07818	Mepenzolate
peak38	HMDB0060574	C21517	Perindoprilat
peak38	NA	NA	NA
peak38	NA	NA	NA
peak38	NA	NA	NA
peak38	NA	NA	NA
peak38	NA	NA	NA
peak38	NA	NA	NA
peak38	NA	NA	NA
peak38	NA	NA	NA
peak38	NA	NA	NA
peak38	NA	NA	NA
peak38	NA	NA	NA
peak38	NA	NA	NA
peak38	NA	NA	NA
peak38	NA	NA	NA
peak38	NA	NA	NA
peak38	NA	NA	NA
peak38	NA	NA	NA
peak38	NA	NA	NA
peak38	NA	NA	NA
peak38	NA	NA	NA
peak38	NA	NA	NA
peak38	NA	NA	NA
peak38	NA	NA	NA
peak38	NA	NA	NA
peak38	NA	NA	NA
peak40	HMDB0015334	NA	Nadolol
peak40	HMDB0015345	C07915	Metipranolol
peak40	NA	NA	NA
peak40	NA	NA	NA
peak40	NA	NA	NA
peak40	NA	NA	NA
peak40	NA	NA	NA
peak40	NA	NA	NA
peak40	NA	NA	NA
peak40	NA	NA	NA
peak40	NA	NA	NA
peak40	NA	NA	NA
peak40	NA	NA	NA
peak40	NA	NA	NA
peak40	NA	NA	NA
peak40	NA	NA	NA
peak40	NA	NA	NA
peak40	NA	NA	NA
peak78	HMDB0002815	NA	PC(18:1(9Z)/0:0)
peak78	HMDB0010385	NA	LysoPC(18:1(11Z))
peak78	HMDB0010395	NA	PC(20:4(5Z,8Z,11Z,14Z)/0:0)
peak78	HMDB0010396	NA	LysoPC(20:4(8Z,11Z,14Z,17Z))
peak86	NA	NA	NA
peak118	HMDB0004866	NA	Lactosylceramide (d18:1/12:0)
peak118	HMDB0007991	NA	PC(16:0/22:6(4Z,7Z,10Z,13Z,16Z,19Z))
peak118	HMDB0008022	NA	PC(16:1(9Z)/22:5(4Z,7Z,10Z,13Z,16Z))
peak118	HMDB0008024	NA	PC(16:1(9Z)/22:5(7Z,10Z,13Z,16Z,19Z))
peak118	HMDB0008083	NA	PC(18:1(11Z)/20:5(5Z,8Z,11Z,14Z,17Z))
peak118	HMDB0008116	NA	PC(18:1(9Z)/20:5(5Z,8Z,11Z,14Z,17Z))
peak118	HMDB0008147	NA	PC(18:2(9Z,12Z)/20:4(5Z,8Z,11Z,14Z))
peak118	HMDB0008148	NA	PC(18:2(9Z,12Z)/20:4(8Z,11Z,14Z,17Z))
peak118	HMDB0008178	NA	PC(18:3(6Z,9Z,12Z)/20:3(5Z,8Z,11Z))
peak118	HMDB0008179	NA	PC(18:3(6Z,9Z,12Z)/20:3(8Z,11Z,14Z))
peak118	HMDB0008194	NA	PC(18:3(6Z,9Z,12Z)/P-18:1(11Z))
peak118	HMDB0008195	NA	PC(18:3(6Z,9Z,12Z)/P-18:1(9Z))
peak118	HMDB0008211	NA	PC(18:3(9Z,12Z,15Z)/20:3(5Z,8Z,11Z))
peak118	HMDB0008212	NA	PC(18:3(9Z,12Z,15Z)/20:3(8Z,11Z,14Z))
peak118	HMDB0008227	NA	PC(18:3(9Z,12Z,15Z)/P-18:1(11Z))
peak118	HMDB0008228	NA	PC(18:3(9Z,12Z,15Z)/P-18:1(9Z))
peak118	HMDB0008243	NA	PC(18:4(6Z,9Z,12Z,15Z)/20:2(11Z,14Z))
peak118	HMDB0008259	NA	PC(18:4(6Z,9Z,12Z,15Z)/P-18:0)
peak118	HMDB0008339	NA	PC(20:2(11Z,14Z)/18:4(6Z,9Z,12Z,15Z))
peak118	HMDB0008370	NA	PC(20:3(5Z,8Z,11Z)/18:3(6Z,9Z,12Z))
peak118	HMDB0008371	NA	PC(20:3(5Z,8Z,11Z)/18:3(9Z,12Z,15Z))
peak118	HMDB0008403	NA	PC(20:3(8Z,11Z,14Z)/18:3(6Z,9Z,12Z))
peak118	HMDB0008404	NA	PC(20:3(8Z,11Z,14Z)/18:3(9Z,12Z,15Z))
peak118	HMDB0008434	NA	PC(20:4(5Z,8Z,11Z,14Z)/18:2(9Z,12Z))
peak118	HMDB0008455	NA	PC(20:4(5Z,8Z,11Z,14Z)/P-16:0)
peak118	HMDB0008467	NA	PC(20:4(8Z,11Z,14Z,17Z)/18:2(9Z,12Z))
peak118	HMDB0008488	NA	PC(20:4(8Z,11Z,14Z,17Z)/P-16:0)
peak118	HMDB0008498	NA	PC(20:5(5Z,8Z,11Z,14Z,17Z)/18:1(11Z))
peak118	HMDB0008499	NA	PC(20:5(5Z,8Z,11Z,14Z,17Z)/18:1(9Z))
peak118	HMDB0008660	NA	PC(22:5(4Z,7Z,10Z,13Z,16Z)/16:1(9Z))
peak118	HMDB0008693	NA	PC(22:5(7Z,10Z,13Z,16Z,19Z)/16:1(9Z))
peak118	HMDB0008725	NA	PC(22:6(4Z,7Z,10Z,13Z,16Z,19Z)/16:0)
peak118	HMDB0010580	NA	PG(16:0/20:4(5Z,8Z,11Z,14Z))
peak118	HMDB0010593	NA	PG(16:1(9Z)/20:3(5Z,8Z,11Z))
peak118	HMDB0010594	NA	PG(16:1(9Z)/20:3(8Z,11Z,14Z))
peak118	HMDB0010621	NA	PG(18:1(11Z)/18:3(6Z,9Z,12Z))
peak118	HMDB0010622	NA	PG(18:1(11Z)/18:3(9Z,12Z,15Z))
peak118	HMDB0010636	NA	PG(18:1(9Z)/18:3(6Z,9Z,12Z))
peak118	HMDB0010637	NA	PG(18:1(9Z)/18:3(9Z,12Z,15Z))
peak118	HMDB0010650	NA	PG(18:2(9Z,12Z)/18:2(9Z,12Z))
peak118	HMDB0010663	NA	PG(18:3(6Z,9Z,12Z)/18:1(11Z))
peak118	HMDB0010664	NA	PG(18:3(6Z,9Z,12Z)/18:1(9Z))
peak118	HMDB0010678	NA	PG(18:3(9Z,12Z,15Z)/18:1(11Z))
peak118	HMDB0010679	NA	PG(18:3(9Z,12Z,15Z)/18:1(9Z))
peak118	HMDB0011221	NA	PC(P-16:0/20:4(8Z,11Z,14Z,17Z))
peak118	HMDB0011247	NA	PC(P-18:0/18:4(6Z,9Z,12Z,15Z))
peak118	HMDB0011278	NA	PC(P-18:1(11Z)/18:3(6Z,9Z,12Z))
peak118	HMDB0011279	NA	PC(P-18:1(11Z)/18:3(9Z,12Z,15Z))
peak118	HMDB0011311	NA	PC(P-18:1(9Z)/18:3(6Z,9Z,12Z))
peak118	HMDB0011312	NA	PC(P-18:1(9Z)/18:3(9Z,12Z,15Z))
peak118	HMDB0012380	NA	PS(18:0/18:2(9Z,12Z))
peak118	HMDB0012390	NA	PS(18:1(9Z)/18:1(9Z))
peak118	HMDB0012400	NA	PS(18:2(9Z,12Z)/18:0)
peak118	HMDB0013415	NA	PC(o-16:1(9Z)/20:4(8Z,11Z,14Z,17Z))
peak118	NA	NA	NA
peak118	NA	NA	NA
peak118	NA	NA	NA
peak118	NA	NA	NA
peak118	NA	NA	NA
peak118	NA	NA	NA
peak118	NA	NA	NA
peak118	NA	NA	NA
peak118	NA	NA	NA
peak118	NA	NA	NA
peak118	NA	NA	NA
peak118	NA	NA	NA
peak118	NA	NA	NA
peak118	NA	NA	NA
peak118	NA	NA	NA
peak118	NA	NA	NA
peak118	NA	NA	NA
peak118	NA	NA	NA
peak118	NA	NA	NA
peak118	NA	NA	NA
peak118	NA	NA	NA
peak118	NA	NA	NA
peak118	NA	NA	NA
peak118	NA	NA	NA
peak118	NA	NA	NA
peak118	NA	NA	NA
peak118	NA	NA	NA
peak118	NA	NA	NA
peak118	NA	NA	NA
peak118	NA	NA	NA
peak118	NA	NA	NA
peak118	NA	NA	NA
peak118	NA	NA	NA
peak118	NA	NA	NA
peak118	NA	NA	NA
peak118	NA	NA	NA
peak118	NA	NA	NA
peak118	NA	NA	NA
peak118	NA	NA	NA
peak118	NA	NA	NA
peak118	NA	NA	NA
peak118	NA	NA	NA
peak118	NA	NA	NA
peak118	NA	NA	NA
peak118	NA	NA	NA
peak118	NA	NA	NA
peak118	NA	NA	NA
peak118	NA	NA	NA
peak118	NA	NA	NA
peak118	NA	NA	NA
peak118	NA	NA	NA
peak118	NA	NA	NA
peak118	NA	NA	NA
peak118	NA	NA	NA
peak118	NA	NA	NA
peak118	NA	NA	NA
peak118	NA	NA	NA
peak118	NA	NA	NA
peak118	NA	NA	NA
peak118	NA	NA	NA
peak118	NA	NA	NA
peak118	NA	NA	NA
peak118	NA	NA	NA
peak118	NA	NA	NA
peak118	NA	NA	NA
peak118	NA	NA	NA
peak118	NA	NA	NA
peak118	NA	NA	NA
peak120	NA	NA	NA
peak127	HMDB0004866	NA	Lactosylceramide (d18:1/12:0)
peak127	HMDB0007921	NA	PC(14:1(9Z)/22:2(13Z,16Z))
peak127	HMDB0007980	NA	PC(16:0/20:3(5Z,8Z,11Z))
peak127	HMDB0007981	NA	PC(16:0/20:3(8Z,11Z,14Z))
peak127	HMDB0007991	NA	PC(16:0/22:6(4Z,7Z,10Z,13Z,16Z,19Z))
peak127	HMDB0008012	NA	PC(16:1(9Z)/20:2(11Z,14Z))
peak127	HMDB0008022	NA	PC(16:1(9Z)/22:5(4Z,7Z,10Z,13Z,16Z))
peak127	HMDB0008024	NA	PC(16:1(9Z)/22:5(7Z,10Z,13Z,16Z,19Z))
peak127	HMDB0008040	NA	PC(18:0/18:3(6Z,9Z,12Z))
peak127	HMDB0008041	NA	PC(18:0/18:3(9Z,12Z,15Z))
peak127	HMDB0008072	NA	PC(18:1(11Z)/18:2(9Z,12Z))
peak127	HMDB0008083	NA	PC(18:1(11Z)/20:5(5Z,8Z,11Z,14Z,17Z))
peak127	HMDB0008105	NA	PC(18:1(9Z)/18:2(9Z,12Z))
peak127	HMDB0008116	NA	PC(18:1(9Z)/20:5(5Z,8Z,11Z,14Z,17Z))
peak127	HMDB0008136	NA	PC(18:2(9Z,12Z)/18:1(11Z))
peak127	HMDB0008137	NA	PC(18:2(9Z,12Z)/18:1(9Z))
peak127	HMDB0008147	NA	PC(18:2(9Z,12Z)/20:4(5Z,8Z,11Z,14Z))
peak127	HMDB0008148	NA	PC(18:2(9Z,12Z)/20:4(8Z,11Z,14Z,17Z))
peak127	HMDB0008168	NA	PC(18:3(6Z,9Z,12Z)/18:0)
peak127	HMDB0008178	NA	PC(18:3(6Z,9Z,12Z)/20:3(5Z,8Z,11Z))
peak127	HMDB0008179	NA	PC(18:3(6Z,9Z,12Z)/20:3(8Z,11Z,14Z))
peak127	HMDB0008201	NA	PC(18:3(9Z,12Z,15Z)/18:0)
peak127	HMDB0008211	NA	PC(18:3(9Z,12Z,15Z)/20:3(5Z,8Z,11Z))
peak127	HMDB0008212	NA	PC(18:3(9Z,12Z,15Z)/20:3(8Z,11Z,14Z))
peak127	HMDB0008243	NA	PC(18:4(6Z,9Z,12Z,15Z)/20:2(11Z,14Z))
peak127	HMDB0008332	NA	PC(20:2(11Z,14Z)/16:1(9Z))
peak127	HMDB0008339	NA	PC(20:2(11Z,14Z)/18:4(6Z,9Z,12Z,15Z))
peak127	HMDB0008364	NA	PC(20:3(5Z,8Z,11Z)/16:0)
peak127	HMDB0008370	NA	PC(20:3(5Z,8Z,11Z)/18:3(6Z,9Z,12Z))
peak127	HMDB0008371	NA	PC(20:3(5Z,8Z,11Z)/18:3(9Z,12Z,15Z))
peak127	HMDB0008397	NA	PC(20:3(8Z,11Z,14Z)/16:0)
peak127	HMDB0008403	NA	PC(20:3(8Z,11Z,14Z)/18:3(6Z,9Z,12Z))
peak127	HMDB0008404	NA	PC(20:3(8Z,11Z,14Z)/18:3(9Z,12Z,15Z))
peak127	HMDB0008434	NA	PC(20:4(5Z,8Z,11Z,14Z)/18:2(9Z,12Z))
peak127	HMDB0008467	NA	PC(20:4(8Z,11Z,14Z,17Z)/18:2(9Z,12Z))
peak127	HMDB0008498	NA	PC(20:5(5Z,8Z,11Z,14Z,17Z)/18:1(11Z))
peak127	HMDB0008499	NA	PC(20:5(5Z,8Z,11Z,14Z,17Z)/18:1(9Z))
peak127	HMDB0008591	NA	PC(22:2(13Z,16Z)/14:1(9Z))
peak127	HMDB0008660	NA	PC(22:5(4Z,7Z,10Z,13Z,16Z)/16:1(9Z))
peak127	HMDB0008693	NA	PC(22:5(7Z,10Z,13Z,16Z,19Z)/16:1(9Z))
peak127	HMDB0008725	NA	PC(22:6(4Z,7Z,10Z,13Z,16Z,19Z)/16:0)
peak139	NA	NA	NA
peak139	NA	NA	NA
peak139	NA	NA	NA
peak139	NA	NA	NA
peak139	NA	NA	NA
peak139	NA	NA	NA
peak139	NA	NA	NA
peak139	NA	NA	NA
peak139	NA	NA	NA
peak139	NA	NA	NA
peak139	NA	NA	NA
peak139	NA	NA	NA
peak139	NA	NA	NA
peak139	NA	NA	NA
peak139	NA	NA	NA
peak139	NA	NA	NA
peak139	NA	NA	NA
peak139	NA	NA	NA
peak139	NA	NA	NA
peak139	NA	NA	NA
peak139	NA	NA	NA
peak139	NA	NA	NA
peak139	NA	NA	NA
peak139	NA	NA	NA
peak139	NA	NA	NA
peak141	HMDB0014652	C22191	Acetyldigitoxin
peak141	HMDB0014753	NA	Rifabutin
peak141	NA	NA	NA
peak141	NA	NA	NA
peak141	NA	NA	NA
peak141	NA	NA	NA
peak141	NA	NA	NA
peak141	NA	NA	NA
peak141	NA	NA	NA
peak141	NA	NA	NA
peak141	NA	NA	NA
peak141	NA	NA	NA
peak141	NA	NA	NA
peak141	NA	NA	NA
peak141	NA	NA	NA
peak142	HMDB0007989	NA	PC(16:0/22:5(4Z,7Z,10Z,13Z,16Z))
peak142	HMDB0007990	NA	PC(16:0/22:5(7Z,10Z,13Z,16Z,19Z))
peak142	HMDB0008021	NA	PC(16:1(9Z)/22:4(7Z,10Z,13Z,16Z))
peak142	HMDB0008050	NA	PC(18:0/20:5(5Z,8Z,11Z,14Z,17Z))
peak142	HMDB0008081	NA	PC(18:1(11Z)/20:4(5Z,8Z,11Z,14Z))
peak142	HMDB0008082	NA	PC(18:1(11Z)/20:4(8Z,11Z,14Z,17Z))
peak142	HMDB0008114	NA	PC(18:1(9Z)/20:4(5Z,8Z,11Z,14Z))
peak142	HMDB0008115	NA	PC(18:1(9Z)/20:4(8Z,11Z,14Z,17Z))
peak142	HMDB0008139	NA	PC(18:2(9Z,12Z)/20:3(5Z,8Z,11Z))
peak142	HMDB0008146	NA	PC(18:2(9Z,12Z)/20:3(8Z,11Z,14Z))
peak142	HMDB0008177	NA	PC(18:3(6Z,9Z,12Z)/20:2(11Z,14Z))
peak142	HMDB0008210	NA	PC(18:3(9Z,12Z,15Z)/20:2(11Z,14Z))
peak142	HMDB0008242	NA	PC(18:4(6Z,9Z,12Z,15Z)/20:1(11Z))
peak142	HMDB0008306	NA	PC(20:1(11Z)/18:4(6Z,9Z,12Z,15Z))
peak142	HMDB0008337	NA	PC(20:2(11Z,14Z)/18:3(6Z,9Z,12Z))
peak142	HMDB0008338	NA	PC(20:2(11Z,14Z)/18:3(9Z,12Z,15Z))
peak142	HMDB0008369	NA	PC(20:3(5Z,8Z,11Z)/18:2(9Z,12Z))
peak142	HMDB0008402	NA	PC(20:3(8Z,11Z,14Z)/18:2(9Z,12Z))
peak142	HMDB0008432	NA	PC(20:4(5Z,8Z,11Z,14Z)/18:1(11Z))
peak142	HMDB0008433	NA	PC(20:4(5Z,8Z,11Z,14Z)/18:1(9Z))
peak142	HMDB0008465	NA	PC(20:4(8Z,11Z,14Z,17Z)/18:1(11Z))
peak142	HMDB0008466	NA	PC(20:4(8Z,11Z,14Z,17Z)/18:1(9Z))
peak142	HMDB0008497	NA	PC(20:5(5Z,8Z,11Z,14Z,17Z)/18:0)
peak142	HMDB0008627	NA	PC(22:4(7Z,10Z,13Z,16Z)/16:1(9Z))
peak142	HMDB0008659	NA	PC(22:5(4Z,7Z,10Z,13Z,16Z)/16:0)
peak142	HMDB0008692	NA	PC(22:5(7Z,10Z,13Z,16Z,19Z)/16:0)
peak144	NA	NA	NA
peak144	NA	NA	NA
peak145	HMDB0008020	NA	PC(16:1(9Z)/22:2(13Z,16Z))
peak145	HMDB0008046	NA	PC(18:0/20:3(5Z,8Z,11Z))
peak145	HMDB0008047	NA	PC(18:0/20:3(8Z,11Z,14Z))
peak145	HMDB0008057	NA	PC(18:0/22:6(4Z,7Z,10Z,13Z,16Z,19Z))
peak145	HMDB0008078	NA	PC(18:1(11Z)/20:2(11Z,14Z))
peak145	HMDB0008088	NA	PC(18:1(11Z)/22:5(4Z,7Z,10Z,13Z,16Z))
peak145	HMDB0008089	NA	PC(18:1(11Z)/22:5(7Z,10Z,13Z,16Z,19Z))
peak145	HMDB0008111	NA	PC(18:1(9Z)/20:2(11Z,14Z))
peak145	HMDB0008121	NA	PC(18:1(9Z)/22:5(4Z,7Z,10Z,13Z,16Z))
peak145	HMDB0008122	NA	PC(18:1(9Z)/22:5(7Z,10Z,13Z,16Z,19Z))
peak145	HMDB0008144	NA	PC(18:2(9Z,12Z)/20:1(11Z))
peak145	HMDB0008153	NA	PC(18:2(9Z,12Z)/22:4(7Z,10Z,13Z,16Z))
peak145	HMDB0008175	NA	PC(18:3(6Z,9Z,12Z)/20:0)
peak145	HMDB0008208	NA	PC(18:3(9Z,12Z,15Z)/20:0)
peak145	HMDB0008251	NA	PC(18:4(6Z,9Z,12Z,15Z)/22:2(13Z,16Z))
peak145	HMDB0008271	NA	PC(20:0/18:3(6Z,9Z,12Z))
peak145	HMDB0008272	NA	PC(20:0/18:3(9Z,12Z,15Z))
peak145	HMDB0008303	NA	PC(20:1(11Z)/18:2(9Z,12Z))
peak145	HMDB0008314	NA	PC(20:1(11Z)/20:5(5Z,8Z,11Z,14Z,17Z))
peak145	HMDB0008334	NA	PC(20:2(11Z,14Z)/18:1(11Z))
peak145	HMDB0008335	NA	PC(20:2(11Z,14Z)/18:1(9Z))
peak145	HMDB0008345	NA	PC(20:2(11Z,14Z)/20:4(5Z,8Z,11Z,14Z))
peak145	HMDB0008346	NA	PC(20:2(11Z,14Z)/20:4(8Z,11Z,14Z,17Z))
peak145	HMDB0008366	NA	PC(20:3(5Z,8Z,11Z)/18:0)
peak145	HMDB0008376	NA	PC(20:3(5Z,8Z,11Z)/20:3(5Z,8Z,11Z))
peak145	HMDB0008377	NA	PC(20:3(5Z,8Z,11Z)/20:3(8Z,11Z,14Z))
peak145	HMDB0008399	NA	PC(20:3(8Z,11Z,14Z)/18:0)
peak145	HMDB0008408	NA	PC(20:3(8Z,11Z,14Z)/20:3(5Z,8Z,11Z))
peak145	HMDB0008409	NA	PC(20:3(8Z,11Z,14Z)/20:3(8Z,11Z,14Z))
peak145	HMDB0008440	NA	PC(20:4(5Z,8Z,11Z,14Z)/20:2(11Z,14Z))
peak145	HMDB0008473	NA	PC(20:4(8Z,11Z,14Z,17Z)/20:2(11Z,14Z))
peak145	HMDB0008505	NA	PC(20:5(5Z,8Z,11Z,14Z,17Z)/20:1(11Z))
peak145	HMDB0008594	NA	PC(22:2(13Z,16Z)/16:1(9Z))
peak145	HMDB0008601	NA	PC(22:2(13Z,16Z)/18:4(6Z,9Z,12Z,15Z))
peak145	HMDB0008631	NA	PC(22:4(7Z,10Z,13Z,16Z)/18:2(9Z,12Z))
peak145	HMDB0008662	NA	PC(22:5(4Z,7Z,10Z,13Z,16Z)/18:1(11Z))
peak145	HMDB0008663	NA	PC(22:5(4Z,7Z,10Z,13Z,16Z)/18:1(9Z))
peak145	HMDB0008695	NA	PC(22:5(7Z,10Z,13Z,16Z,19Z)/18:1(11Z))
peak145	HMDB0008696	NA	PC(22:5(7Z,10Z,13Z,16Z,19Z)/18:1(9Z))
peak145	HMDB0008727	NA	PC(22:6(4Z,7Z,10Z,13Z,16Z,19Z)/18:0)
peak145	NA	NA	NA
peak176	NA	NA	NA
peak176	NA	NA	NA
peak176	NA	NA	NA
peak176	NA	NA	NA
peak176	NA	NA	NA
peak176	NA	NA	NA
peak195	NA	NA	NA
peak200	NA	NA	NA
peak200	NA	NA	NA
peak200	NA	NA	NA
peak200	NA	NA	NA
peak200	NA	NA	NA
peak200	NA	NA	NA
peak200	NA	NA	NA
peak200	NA	NA	NA
peak200	NA	NA	NA
peak200	NA	NA	NA
peak200	NA	NA	NA
peak200	NA	NA	NA
peak200	NA	NA	NA
peak200	NA	NA	NA
peak206	NA	NA	NA
peak244	HMDB0000539	C00878	Arabinonic acid
peak244	HMDB0000539	C00878	Arabinonic acid
peak244	HMDB0000867	C01685	Ribonic acid
peak244	HMDB0000867	C01685	Ribonic acid
peak244	HMDB0001886	C16357	3-Methylxanthine
peak244	HMDB0001886	C16357	3-Methylxanthine
peak244	HMDB0001991	C16353	7-Methylxanthine
peak244	HMDB0001991	C16353	7-Methylxanthine
peak244	HMDB0010738	C16358	1-Methylxanthine
peak244	HMDB0010738	C16358	1-Methylxanthine
peak244	HMDB0059716	NA	9-Methylxanthine
peak244	HMDB0059716	NA	9-Methylxanthine
peak244	HMDB0060256	C05411	L-Xylonate
peak244	HMDB0060256	C05411	L-Xylonate
peak244	NA	NA	NA
peak244	NA	NA	NA
peak244	NA	NA	NA
peak244	NA	NA	NA
peak244	NA	NA	NA
peak244	NA	NA	NA
peak244	NA	NA	NA
peak244	NA	NA	NA
peak244	NA	NA	NA
peak244	NA	NA	NA
peak244	NA	NA	NA
peak244	NA	NA	NA
peak244	NA	NA	NA
peak244	NA	NA	NA
peak244	NA	NA	NA
peak244	NA	NA	NA
peak244	NA	NA	NA
peak244	NA	NA	NA
peak244	NA	NA	NA
peak244	NA	NA	NA
peak244	NA	NA	NA
peak244	NA	NA	NA
peak246	HMDB0001325	C03793	N6,N6,N6-Trimethyl -L-Lysine
peak246	NA	NA	NA
peak246	NA	NA	NA
peak246	NA	NA	NA
peak246	NA	NA	NA
peak246	NA	NA	NA
peak246	NA	NA	NA
peak246	NA	NA	NA
peak246	NA	NA	NA
peak246	NA	NA	NA
peak246	NA	NA	NA
peak246	NA	NA	NA
peak246	NA	NA	NA
peak246	NA	NA	NA
peak246	NA	NA	NA
peak246	NA	NA	NA
peak246	NA	NA	NA
peak246	NA	NA	NA
peak257	HMDB0000904	C00327	Citrulline
peak257	HMDB0003148	NA	Argininic acid
peak257	HMDB0014453	C07753	Ibutilide
peak257	HMDB0015189	C07142	Tocainide
peak257	HMDB0034276	NA	L,L-Cyclo(leucylprolyl)
peak257	NA	NA	NA
peak257	NA	NA	NA
peak257	NA	NA	NA
peak257	NA	NA	NA
peak257	NA	NA	NA
peak257	NA	NA	NA
peak257	NA	NA	NA
peak257	NA	NA	NA
peak257	NA	NA	NA
peak257	NA	NA	NA
peak257	NA	NA	NA
peak257	NA	NA	NA
peak257	NA	NA	NA
peak257	NA	NA	NA
peak257	NA	NA	NA
peak257	NA	NA	NA
peak257	NA	NA	NA
peak257	NA	NA	NA
peak269	HMDB0014696	NA	Perflutren
peak269	NA	NA	NA
peak269	NA	NA	NA
peak269	NA	NA	NA
peak269	NA	NA	NA
peak278	HMDB0000296	C00299	Uridine
peak278	HMDB0000767	C02067	Pseudouridine
peak278	HMDB0002056	NA	Monoisobutyl phthalic acid
peak278	HMDB0013247	NA	Monobutylphthalate
peak278	HMDB0029226	NA	5'-(3'-Methoxy-4'-hydroxyphenyl)-gamma-valerolactone
peak278	NA	NA	NA
peak278	NA	NA	NA
peak278	NA	NA	NA
peak278	NA	NA	NA
peak278	NA	NA	NA
peak278	NA	NA	NA
peak278	NA	NA	NA
peak278	NA	NA	NA
peak278	NA	NA	NA
peak278	NA	NA	NA
peak278	NA	NA	NA
peak278	NA	NA	NA
peak278	NA	NA	NA
peak278	NA	NA	NA
peak278	NA	NA	NA
peak278	NA	NA	NA
peak278	NA	NA	NA
peak278	NA	NA	NA
peak278	NA	NA	NA
peak278	NA	NA	NA
peak278	NA	NA	NA
peak278	NA	NA	NA
peak278	NA	NA	NA
peak278	NA	NA	NA
peak278	NA	NA	NA
peak278	NA	NA	NA
peak278	NA	NA	NA
peak278	NA	NA	NA
peak278	NA	NA	NA
peak278	NA	NA	NA
peak278	NA	NA	NA
peak278	NA	NA	NA
peak278	NA	NA	NA
peak278	NA	NA	NA
peak278	NA	NA	NA
peak278	NA	NA	NA
peak278	NA	NA	NA
peak278	NA	NA	NA
peak278	NA	NA	NA
peak278	NA	NA	NA
peak278	NA	NA	NA
peak278	NA	NA	NA
peak278	NA	NA	NA
peak278	NA	NA	NA
peak278	NA	NA	NA
peak278	NA	NA	NA
peak278	NA	NA	NA
peak278	NA	NA	NA
peak278	NA	NA	NA
peak278	NA	NA	NA
peak278	NA	NA	NA
peak278	NA	NA	NA
peak278	NA	NA	NA
peak278	NA	NA	NA
peak278	NA	NA	NA
peak278	NA	NA	NA
peak278	NA	NA	NA
peak278	NA	NA	NA
peak278	NA	NA	NA
peak278	NA	NA	NA
peak278	NA	NA	NA
peak278	NA	NA	NA
peak278	NA	NA	NA
peak278	NA	NA	NA
peak278	NA	NA	NA
peak278	NA	NA	NA
peak278	NA	NA	NA
peak278	NA	NA	NA
peak278	NA	NA	NA
peak278	NA	NA	NA
peak278	NA	NA	NA
peak278	NA	NA	NA
peak278	NA	NA	NA
peak278	NA	NA	NA
peak283	HMDB0029159	NA	gamma-Glutamylthreonine
peak283	NA	NA	NA
peak283	NA	NA	NA
peak283	NA	NA	NA
peak283	NA	NA	NA
peak283	NA	NA	NA
peak283	NA	NA	NA
peak283	NA	NA	NA
peak283	NA	NA	NA
peak283	NA	NA	NA
peak283	NA	NA	NA
peak283	NA	NA	NA
peak283	NA	NA	NA
peak283	NA	NA	NA
peak283	NA	NA	NA
peak283	NA	NA	NA
peak284	HMDB0014408	C07318	Sulfisoxazole
peak284	HMDB0015028	NA	Sulfapyridine
peak284	HMDB0015688	NA	Sulfamoxole
peak284	NA	NA	NA
peak284	NA	NA	NA
peak284	NA	NA	NA
peak284	NA	NA	NA
peak284	NA	NA	NA
peak284	NA	NA	NA
peak284	NA	NA	NA
peak284	NA	NA	NA
peak284	NA	NA	NA
peak285	HMDB0001932	C07202	Metoprolol
peak285	HMDB0015004	NA	Alprenolol
peak285	HMDB0035934	NA	Isoalantolactone
peak285	HMDB0060852	NA	N,O-Didesmethylvenlafaxine
peak285	HMDB0060997	NA	O-Desmethyltramadol
peak285	HMDB0061007	NA	N-Desmethyltramadol
peak285	NA	NA	NA
peak285	NA	NA	NA
peak285	NA	NA	NA
peak285	NA	NA	NA
peak285	NA	NA	NA
peak285	NA	NA	NA
peak285	NA	NA	NA
peak285	NA	NA	NA
peak285	NA	NA	NA
peak285	NA	NA	NA
peak285	NA	NA	NA
peak285	NA	NA	NA
peak285	NA	NA	NA
peak285	NA	NA	NA
peak285	NA	NA	NA
peak285	NA	NA	NA
peak285	NA	NA	NA
peak285	NA	NA	NA
peak285	NA	NA	NA
peak285	NA	NA	NA
peak285	NA	NA	NA
peak285	NA	NA	NA
peak285	NA	NA	NA
peak285	NA	NA	NA
peak285	NA	NA	NA
peak285	NA	NA	NA
peak285	NA	NA	NA
peak285	NA	NA	NA
peak285	NA	NA	NA
peak285	NA	NA	NA
peak285	NA	NA	NA
peak285	NA	NA	NA
peak285	NA	NA	NA
peak285	NA	NA	NA
peak285	NA	NA	NA
peak285	NA	NA	NA
peak285	NA	NA	NA
peak285	NA	NA	NA
peak285	NA	NA	NA
peak285	NA	NA	NA
peak285	NA	NA	NA
peak285	NA	NA	NA
peak285	NA	NA	NA
peak288	HMDB0000756	NA	Hexanoyl-L-carnitine
peak288	NA	NA	NA
peak288	NA	NA	NA
peak288	NA	NA	NA
peak288	NA	NA	NA
peak288	NA	NA	NA
peak288	NA	NA	NA
peak288	NA	NA	NA
peak302	HMDB0010330	NA	Cholesterol glucuronide
peak302	NA	NA	NA
peak312	HMDB0015109	C00284	Edetic Acid
peak312	HMDB0015256	C07148	Tolbutamide
peak312	NA	NA	NA
peak312	NA	NA	NA
peak312	NA	NA	NA
peak312	NA	NA	NA
peak312	NA	NA	NA
peak312	NA	NA	NA
peak312	NA	NA	NA
peak312	NA	NA	NA
peak312	NA	NA	NA
peak312	NA	NA	NA
peak312	NA	NA	NA
peak334	HMDB0014708	NA	Cinnarizine
peak334	HMDB0014920	C07506	Propantheline
peak334	HMDB0014928	C07706	Perindopril
peak334	NA	NA	NA
peak334	NA	NA	NA
peak334	NA	NA	NA
peak334	NA	NA	NA
peak334	NA	NA	NA
peak334	NA	NA	NA
peak334	NA	NA	NA
peak334	NA	NA	NA
peak334	NA	NA	NA
peak334	NA	NA	NA
peak334	NA	NA	NA
peak335	NA	NA	NA
peak335	NA	NA	NA
peak335	NA	NA	NA
peak335	NA	NA	NA
peak335	NA	NA	NA
peak335	NA	NA	NA
peak335	NA	NA	NA
peak335	NA	NA	NA
peak335	NA	NA	NA
peak335	NA	NA	NA
peak345	HMDB0013692	C18167	Secoisolariciresinol
peak345	HMDB0059991	NA	5-(3'-Hydroxyphenyl)-gamma-valerolactone-3'-O-glucuronide
peak345	NA	NA	NA
peak345	NA	NA	NA
peak345	NA	NA	NA
peak345	NA	NA	NA
peak345	NA	NA	NA
peak345	NA	NA	NA
peak345	NA	NA	NA
peak345	NA	NA	NA
peak345	NA	NA	NA
peak345	NA	NA	NA
peak345	NA	NA	NA
peak345	NA	NA	NA
peak345	NA	NA	NA
peak345	NA	NA	NA
peak345	NA	NA	NA
peak345	NA	NA	NA
peak345	NA	NA	NA
peak345	NA	NA	NA
peak345	NA	NA	NA
peak345	NA	NA	NA
peak345	NA	NA	NA
peak345	NA	NA	NA
peak345	NA	NA	NA
peak345	NA	NA	NA
peak345	NA	NA	NA
peak345	NA	NA	NA
peak345	NA	NA	NA
peak345	NA	NA	NA
peak345	NA	NA	NA
peak345	NA	NA	NA
peak345	NA	NA	NA
peak345	NA	NA	NA
peak345	NA	NA	NA
peak345	NA	NA	NA
peak345	NA	NA	NA
peak345	NA	NA	NA
peak345	NA	NA	NA
peak345	NA	NA	NA
peak346	HMDB0000277	C06124	Sphingosine-1-phosphate
peak346	NA	NA	NA
peak346	NA	NA	NA
peak346	NA	NA	NA
peak346	NA	NA	NA
peak346	NA	NA	NA
peak346	NA	NA	NA
peak346	NA	NA	NA
peak346	NA	NA	NA
peak346	NA	NA	NA
peak346	NA	NA	NA
peak346	NA	NA	NA
peak346	NA	NA	NA
peak346	NA	NA	NA
peak346	NA	NA	NA
peak346	NA	NA	NA
peak346	NA	NA	NA
peak346	NA	NA	NA
peak346	NA	NA	NA
peak346	NA	NA	NA
peak346	NA	NA	NA
peak346	NA	NA	NA
peak348	HMDB0000280	C00119	Phosphoribosyl pyrophosphate
peak348	NA	NA	NA
peak351	HMDB0002685	C06475	PGF1alpha
peak351	HMDB0002689	NA	13,14-dihydro-PGE1
peak351	NA	NA	NA
peak351	NA	NA	NA
peak351	NA	NA	NA
peak351	NA	NA	NA
peak351	NA	NA	NA
peak351	NA	NA	NA
peak351	NA	NA	NA
peak351	NA	NA	NA
peak351	NA	NA	NA
peak351	NA	NA	NA
peak351	NA	NA	NA
peak351	NA	NA	NA
peak351	NA	NA	NA
peak351	NA	NA	NA
peak351	NA	NA	NA
peak351	NA	NA	NA
peak351	NA	NA	NA
peak351	NA	NA	NA
peak351	NA	NA	NA
peak351	NA	NA	NA
peak351	NA	NA	NA
peak351	NA	NA	NA
peak351	NA	NA	NA
peak351	NA	NA	NA
peak351	NA	NA	NA
peak351	NA	NA	NA
peak351	NA	NA	NA
peak351	NA	NA	NA
peak351	NA	NA	NA
peak351	NA	NA	NA
peak351	NA	NA	NA
peak351	NA	NA	NA
peak351	NA	NA	NA
peak351	NA	NA	NA
peak354	HMDB0014813	C07108	Tamoxifen
peak354	NA	NA	NA
peak354	NA	NA	NA
peak354	NA	NA	NA
peak354	NA	NA	NA
peak354	NA	NA	NA
peak354	NA	NA	NA
peak354	NA	NA	NA
peak354	NA	NA	NA
peak354	NA	NA	NA
peak354	NA	NA	NA
peak354	NA	NA	NA
peak354	NA	NA	NA
peak354	NA	NA	NA
peak354	NA	NA	NA
peak354	NA	NA	NA
peak354	NA	NA	NA
peak354	NA	NA	NA
peak354	NA	NA	NA
peak354	NA	NA	NA
peak354	NA	NA	NA
peak354	NA	NA	NA
peak354	NA	NA	NA
peak354	NA	NA	NA
peak354	NA	NA	NA
peak354	NA	NA	NA
peak354	NA	NA	NA
peak354	NA	NA	NA
peak360	HMDB0006461	NA	Linoelaidyl carnitine
peak360	HMDB0006469	NA	9,12-Hexadecadienylcarnitine
peak360	HMDB0013339	NA	3-Hydroxy-11Z-octadecenoylcarnitine
peak360	NA	NA	NA
peak360	NA	NA	NA
peak360	NA	NA	NA
peak360	NA	NA	NA
peak360	NA	NA	NA
peak360	NA	NA	NA
peak360	NA	NA	NA
peak360	NA	NA	NA
peak360	NA	NA	NA
peak360	NA	NA	NA
peak360	NA	NA	NA
peak360	NA	NA	NA
peak360	NA	NA	NA
peak360	NA	NA	NA
peak360	NA	NA	NA
peak360	NA	NA	NA
peak360	NA	NA	NA
peak360	NA	NA	NA
peak360	NA	NA	NA
peak360	NA	NA	NA
peak360	NA	NA	NA
peak360	NA	NA	NA
peak360	NA	NA	NA
peak360	NA	NA	NA
peak360	NA	NA	NA
peak360	NA	NA	NA
peak360	NA	NA	NA
peak360	NA	NA	NA
peak360	NA	NA	NA
peak360	NA	NA	NA
peak360	NA	NA	NA
peak360	NA	NA	NA
peak360	NA	NA	NA
peak360	NA	NA	NA
peak360	NA	NA	NA
peak360	NA	NA	NA
peak360	NA	NA	NA
peak360	NA	NA	NA
peak360	NA	NA	NA
peak360	NA	NA	NA
peak360	NA	NA	NA
peak360	NA	NA	NA
peak360	NA	NA	NA
peak360	NA	NA	NA
peak360	NA	NA	NA
peak360	NA	NA	NA
peak360	NA	NA	NA
peak360	NA	NA	NA
peak360	NA	NA	NA
peak360	NA	NA	NA
peak360	NA	NA	NA
peak360	NA	NA	NA
peak360	NA	NA	NA
peak360	NA	NA	NA
peak360	NA	NA	NA
peak360	NA	NA	NA
peak360	NA	NA	NA
peak360	NA	NA	NA
peak360	NA	NA	NA
peak360	NA	NA	NA
peak360	NA	NA	NA
peak360	NA	NA	NA
peak360	NA	NA	NA
peak360	NA	NA	NA
peak360	NA	NA	NA
peak360	NA	NA	NA
peak360	NA	NA	NA
peak360	NA	NA	NA
peak360	NA	NA	NA
peak360	NA	NA	NA
peak360	NA	NA	NA
peak360	NA	NA	NA
peak360	NA	NA	NA
peak360	NA	NA	NA
peak360	NA	NA	NA
peak360	NA	NA	NA
peak360	NA	NA	NA
peak360	NA	NA	NA
peak360	NA	NA	NA
peak360	NA	NA	NA
peak360	NA	NA	NA
peak360	NA	NA	NA
peak360	NA	NA	NA
peak360	NA	NA	NA
peak370	NA	NA	NA
peak370	NA	NA	NA
peak370	NA	NA	NA
peak370	NA	NA	NA
peak370	NA	NA	NA
peak370	NA	NA	NA
peak370	NA	NA	NA
peak370	NA	NA	NA
peak370	NA	NA	NA
peak370	NA	NA	NA
peak370	NA	NA	NA
peak370	NA	NA	NA
peak370	NA	NA	NA
peak370	NA	NA	NA
peak370	NA	NA	NA
peak370	NA	NA	NA
peak370	NA	NA	NA
peak370	NA	NA	NA
peak370	NA	NA	NA
peak370	NA	NA	NA
peak370	NA	NA	NA
peak370	NA	NA	NA
peak370	NA	NA	NA
peak370	NA	NA	NA
peak370	NA	NA	NA
peak370	NA	NA	NA
peak370	NA	NA	NA
peak370	NA	NA	NA
peak370	NA	NA	NA
peak370	NA	NA	NA
peak370	NA	NA	NA
peak370	NA	NA	NA
peak370	NA	NA	NA
peak370	NA	NA	NA
peak370	NA	NA	NA
peak370	NA	NA	NA
peak370	NA	NA	NA
peak370	NA	NA	NA
peak377	NA	NA	NA
peak378	NA	NA	NA
peak378	NA	NA	NA
peak378	NA	NA	NA
peak378	NA	NA	NA
peak378	NA	NA	NA
peak378	NA	NA	NA
peak378	NA	NA	NA
peak378	NA	NA	NA
peak378	NA	NA	NA
peak378	NA	NA	NA
peak378	NA	NA	NA
peak378	NA	NA	NA
peak378	NA	NA	NA
peak379	NA	NA	NA
peak379	NA	NA	NA
peak379	NA	NA	NA
peak379	NA	NA	NA
peak385	HMDB0060491	C20383	Mycophenolic acid O-acyl-glucuronide
peak385	HMDB0060634	NA	Mycophenolic acid glucuronide
peak385	NA	NA	NA
peak385	NA	NA	NA
peak385	NA	NA	NA
peak385	NA	NA	NA
peak385	NA	NA	NA
peak385	NA	NA	NA
peak385	NA	NA	NA
peak385	NA	NA	NA
peak385	NA	NA	NA
peak385	NA	NA	NA
peak385	NA	NA	NA
peak385	NA	NA	NA
peak385	NA	NA	NA
peak385	NA	NA	NA
peak385	NA	NA	NA
peak385	NA	NA	NA
peak385	NA	NA	NA
peak385	NA	NA	NA
peak385	NA	NA	NA
peak385	NA	NA	NA
peak385	NA	NA	NA
peak385	NA	NA	NA
peak385	NA	NA	NA
peak385	NA	NA	NA
peak385	NA	NA	NA
peak385	NA	NA	NA
peak385	NA	NA	NA
peak385	NA	NA	NA
peak385	NA	NA	NA
peak393	HMDB0060901	NA	Clozapine glucuronide
peak393	NA	NA	NA
peak393	NA	NA	NA
peak393	NA	NA	NA
peak393	NA	NA	NA
peak393	NA	NA	NA
peak397	NA	NA	NA
peak397	NA	NA	NA
peak397	NA	NA	NA
peak397	NA	NA	NA
peak397	NA	NA	NA
peak397	NA	NA	NA
peak397	NA	NA	NA
peak397	NA	NA	NA
peak397	NA	NA	NA
peak397	NA	NA	NA
peak397	NA	NA	NA
peak397	NA	NA	NA
peak397	NA	NA	NA
peak397	NA	NA	NA
peak397	NA	NA	NA
peak397	NA	NA	NA
peak397	NA	NA	NA
peak397	NA	NA	NA
peak397	NA	NA	NA
peak412	HMDB0010404	NA	PC(22:6(4Z,7Z,10Z,13Z,16Z,19Z)/0:0)
peak412	NA	NA	NA
peak412	NA	NA	NA
peak412	NA	NA	NA
peak412	NA	NA	NA
peak416	NA	NA	NA
peak416	NA	NA	NA
peak416	NA	NA	NA
peak416	NA	NA	NA
peak416	NA	NA	NA
peak416	NA	NA	NA
peak416	NA	NA	NA
peak416	NA	NA	NA
peak416	NA	NA	NA
peak416	NA	NA	NA
peak416	NA	NA	NA
peak416	NA	NA	NA
peak416	NA	NA	NA
peak416	NA	NA	NA
peak416	NA	NA	NA
peak416	NA	NA	NA
peak416	NA	NA	NA
peak416	NA	NA	NA
peak424	HMDB0007036	NA	DG(14:0/24:1(15Z)/0:0)
peak424	HMDB0007064	NA	DG(14:1(9Z)/24:0/0:0)
peak424	HMDB0007116	NA	DG(16:0/22:1(13Z)/0:0)[iso2]
peak424	HMDB0007144	NA	DG(16:1(9Z)/22:0/0:0)[iso2]
peak424	HMDB0007166	NA	DG(18:0/20:1(11Z)/0:0)[iso2]
peak424	HMDB0007194	NA	DG(18:1(11Z)/20:0/0:0)
peak424	HMDB0007223	NA	DG(18:1(9Z)/20:0/0:0)[iso2]
peak424	HMDB0007362	NA	DG(20:0/18:1(11Z)/0:0)
peak424	HMDB0007363	NA	DG(20:0/18:1(9Z)/0:0)
peak424	HMDB0007390	NA	DG(20:1(11Z)/18:0/0:0)
peak424	HMDB0007592	NA	DG(22:0/16:1(9Z)/0:0)
peak424	HMDB0007620	NA	DG(22:1(13Z)/16:0/0:0)
peak424	HMDB0007792	NA	DG(24:0/14:1(9Z)/0:0)
peak424	HMDB0007820	NA	DG(24:1(15Z)/14:0/0:0)
peak424	NA	NA	NA
peak424	NA	NA	NA
peak424	NA	NA	NA
peak424	NA	NA	NA
peak424	NA	NA	NA
peak424	NA	NA	NA
peak424	NA	NA	NA
peak424	NA	NA	NA
peak424	NA	NA	NA
peak424	NA	NA	NA
peak424	NA	NA	NA
peak424	NA	NA	NA
peak424	NA	NA	NA
peak424	NA	NA	NA
peak424	NA	NA	NA
peak424	NA	NA	NA
peak424	NA	NA	NA
peak424	NA	NA	NA
peak424	NA	NA	NA
peak424	NA	NA	NA
peak424	NA	NA	NA
peak430	HMDB0007879	NA	PC(14:0/20:1(11Z))
peak430	HMDB0007911	NA	PC(14:1(9Z)/20:0)
peak430	HMDB0007971	NA	PC(16:0/18:1(11Z))
peak430	HMDB0007972	NA	PC(16:0/18:1(9Z))
peak430	HMDB0008003	NA	PC(16:1(9Z)/18:0)
peak430	HMDB0008029	NA	PC(16:1(9Z)/P-18:1(11Z))
peak430	HMDB0008030	NA	PC(16:1(9Z)/P-18:1(9Z))
peak430	HMDB0008035	NA	PC(18:0/16:1(9Z))
peak430	HMDB0008067	NA	PC(18:1(11Z)/16:0)
peak430	HMDB0008100	NA	PC(18:1(9Z)/16:0)
peak430	HMDB0008159	NA	PC(18:2(9Z,12Z)/P-16:0)
peak430	HMDB0008263	NA	PC(20:0/14:1(9Z))
peak430	HMDB0008295	NA	PC(20:1(11Z)/14:0)
peak430	HMDB0011211	NA	PC(P-16:0/18:2(9Z,12Z))
peak430	HMDB0011273	NA	PC(P-18:1(11Z)/16:1(9Z))
peak430	HMDB0011306	NA	PC(P-18:1(9Z)/16:1(9Z))
peak430	HMDB0013413	NA	PC(O-16:1(9Z)/18:2(9Z,12Z))
peak430	NA	NA	NA
peak430	NA	NA	NA
peak430	NA	NA	NA
peak430	NA	NA	NA
peak430	NA	NA	NA
peak430	NA	NA	NA
peak430	NA	NA	NA
peak430	NA	NA	NA
peak430	NA	NA	NA
peak430	NA	NA	NA
peak430	NA	NA	NA
peak430	NA	NA	NA
peak430	NA	NA	NA
peak430	NA	NA	NA
peak430	NA	NA	NA
peak430	NA	NA	NA
peak430	NA	NA	NA
peak430	NA	NA	NA
peak430	NA	NA	NA
peak430	NA	NA	NA
peak430	NA	NA	NA
peak430	NA	NA	NA
peak430	NA	NA	NA
peak430	NA	NA	NA
peak430	NA	NA	NA
peak430	NA	NA	NA
peak430	NA	NA	NA
peak430	NA	NA	NA
peak430	NA	NA	NA
peak430	NA	NA	NA
peak430	NA	NA	NA
peak430	NA	NA	NA
peak430	NA	NA	NA
peak430	NA	NA	NA
peak430	NA	NA	NA
peak430	NA	NA	NA
peak430	NA	NA	NA
peak430	NA	NA	NA
peak430	NA	NA	NA
peak430	NA	NA	NA
peak430	NA	NA	NA
peak430	NA	NA	NA
peak430	NA	NA	NA
peak430	NA	NA	NA
peak430	NA	NA	NA
peak430	NA	NA	NA
peak430	NA	NA	NA
peak430	NA	NA	NA
peak430	NA	NA	NA
peak430	NA	NA	NA
peak430	NA	NA	NA
peak430	NA	NA	NA
peak430	NA	NA	NA
peak430	NA	NA	NA
peak430	NA	NA	NA
peak430	NA	NA	NA
peak430	NA	NA	NA
peak430	NA	NA	NA
peak430	NA	NA	NA
peak430	NA	NA	NA
peak430	NA	NA	NA
peak430	NA	NA	NA
peak430	NA	NA	NA
peak433	HMDB0000564	NA	PC(16:0/16:0)
peak433	HMDB0007871	NA	PC(14:0/18:0)
peak433	HMDB0007881	NA	PC(14:0/20:3(5Z,8Z,11Z))
peak433	HMDB0007882	NA	PC(14:0/20:3(8Z,11Z,14Z))
peak433	HMDB0007913	NA	PC(14:1(9Z)/20:2(11Z,14Z))
peak433	HMDB0007974	NA	PC(16:0/18:3(6Z,9Z,12Z))
peak433	HMDB0007975	NA	PC(16:0/18:3(9Z,12Z,15Z))
peak433	HMDB0008006	NA	PC(16:1(9Z)/18:2(9Z,12Z))
peak433	HMDB0008031	NA	PC(18:0/14:0)
peak433	HMDB0008134	NA	PC(18:2(9Z,12Z)/16:1(9Z))
peak433	HMDB0008166	NA	PC(18:3(6Z,9Z,12Z)/16:0)
peak433	HMDB0008199	NA	PC(18:3(9Z,12Z,15Z)/16:0)
peak433	HMDB0008329	NA	PC(20:2(11Z,14Z)/14:1(9Z))
peak433	HMDB0008361	NA	PC(20:3(5Z,8Z,11Z)/14:0)
peak433	HMDB0008394	NA	PC(20:3(8Z,11Z,14Z)/14:0)
peak433	NA	NA	NA
peak433	NA	NA	NA
peak433	NA	NA	NA
peak433	NA	NA	NA
peak433	NA	NA	NA
peak433	NA	NA	NA
peak433	NA	NA	NA
peak433	NA	NA	NA
peak433	NA	NA	NA
peak433	NA	NA	NA
peak433	NA	NA	NA
peak433	NA	NA	NA
peak433	NA	NA	NA
peak433	NA	NA	NA
peak433	NA	NA	NA
peak433	NA	NA	NA
peak433	NA	NA	NA
peak433	NA	NA	NA
peak433	NA	NA	NA
peak433	NA	NA	NA
peak433	NA	NA	NA
peak433	NA	NA	NA
peak433	NA	NA	NA
peak433	NA	NA	NA
peak433	NA	NA	NA
peak433	NA	NA	NA
peak433	NA	NA	NA
peak433	NA	NA	NA
peak433	NA	NA	NA
peak433	NA	NA	NA
peak433	NA	NA	NA
peak433	NA	NA	NA
peak433	NA	NA	NA
peak433	NA	NA	NA
peak433	NA	NA	NA
peak433	NA	NA	NA
peak433	NA	NA	NA
peak433	NA	NA	NA
peak433	NA	NA	NA
peak433	NA	NA	NA
peak433	NA	NA	NA
peak433	NA	NA	NA
peak433	NA	NA	NA
peak433	NA	NA	NA
peak433	NA	NA	NA
peak433	NA	NA	NA
peak433	NA	NA	NA
peak433	NA	NA	NA
peak433	NA	NA	NA
peak433	NA	NA	NA
peak433	NA	NA	NA
peak433	NA	NA	NA
peak433	NA	NA	NA
peak433	NA	NA	NA
peak433	NA	NA	NA
peak433	NA	NA	NA
peak433	NA	NA	NA
peak433	NA	NA	NA
peak433	NA	NA	NA
peak433	NA	NA	NA
peak433	NA	NA	NA
peak433	NA	NA	NA
peak433	NA	NA	NA
peak433	NA	NA	NA
peak433	NA	NA	NA
peak433	NA	NA	NA
peak433	NA	NA	NA
peak433	NA	NA	NA
peak433	NA	NA	NA
peak433	NA	NA	NA
peak433	NA	NA	NA
peak433	NA	NA	NA
peak433	NA	NA	NA
peak433	NA	NA	NA
peak433	NA	NA	NA
peak433	NA	NA	NA
peak433	NA	NA	NA
peak433	NA	NA	NA
peak433	NA	NA	NA
peak433	NA	NA	NA
peak433	NA	NA	NA
peak433	NA	NA	NA
peak433	NA	NA	NA
peak433	NA	NA	NA
peak433	NA	NA	NA
peak433	NA	NA	NA
peak433	NA	NA	NA
peak433	NA	NA	NA
peak433	NA	NA	NA
peak433	NA	NA	NA
peak433	NA	NA	NA
peak433	NA	NA	NA
peak433	NA	NA	NA
peak433	NA	NA	NA
peak433	NA	NA	NA
peak433	NA	NA	NA
peak433	NA	NA	NA
peak433	NA	NA	NA
peak433	NA	NA	NA
peak433	NA	NA	NA
peak433	NA	NA	NA
peak433	NA	NA	NA
peak433	NA	NA	NA
peak433	NA	NA	NA
peak433	NA	NA	NA
peak433	NA	NA	NA
peak433	NA	NA	NA
peak433	NA	NA	NA
peak433	NA	NA	NA
peak433	NA	NA	NA
peak433	NA	NA	NA
peak433	NA	NA	NA
peak433	NA	NA	NA
peak433	NA	NA	NA
peak433	NA	NA	NA
peak433	NA	NA	NA
peak433	NA	NA	NA
peak433	NA	NA	NA
peak433	NA	NA	NA
peak433	NA	NA	NA
peak433	NA	NA	NA
peak433	NA	NA	NA
peak433	NA	NA	NA
peak433	NA	NA	NA
peak433	NA	NA	NA
peak433	NA	NA	NA
peak433	NA	NA	NA
peak433	NA	NA	NA
peak433	NA	NA	NA
peak433	NA	NA	NA
peak433	NA	NA	NA
peak433	NA	NA	NA
peak433	NA	NA	NA
peak433	NA	NA	NA
peak433	NA	NA	NA
peak433	NA	NA	NA
peak433	NA	NA	NA
peak433	NA	NA	NA
peak452	HMDB0007958	NA	PC(15:0/22:6(4Z,7Z,10Z,13Z,16Z,19Z))
peak452	NA	NA	NA
peak452	NA	NA	NA
peak452	NA	NA	NA
peak452	NA	NA	NA
peak452	NA	NA	NA
peak452	NA	NA	NA
peak452	NA	NA	NA
peak452	NA	NA	NA
peak452	NA	NA	NA
peak452	NA	NA	NA
peak452	NA	NA	NA
peak452	NA	NA	NA
peak452	NA	NA	NA
peak452	NA	NA	NA
peak452	NA	NA	NA
peak452	NA	NA	NA
peak452	NA	NA	NA
peak452	NA	NA	NA
peak452	NA	NA	NA
peak452	NA	NA	NA
peak452	NA	NA	NA
peak452	NA	NA	NA
peak452	NA	NA	NA
peak452	NA	NA	NA
peak452	NA	NA	NA
peak452	NA	NA	NA
peak452	NA	NA	NA
peak452	NA	NA	NA
peak452	NA	NA	NA
peak452	NA	NA	NA
peak452	NA	NA	NA
peak452	NA	NA	NA
peak452	NA	NA	NA
peak452	NA	NA	NA
peak452	NA	NA	NA
peak452	NA	NA	NA
peak452	NA	NA	NA
peak452	NA	NA	NA
peak452	NA	NA	NA
peak452	NA	NA	NA
peak452	NA	NA	NA
peak452	NA	NA	NA
peak452	NA	NA	NA
peak452	NA	NA	NA
peak452	NA	NA	NA
peak452	NA	NA	NA
peak452	NA	NA	NA
peak452	NA	NA	NA
peak452	NA	NA	NA
peak452	NA	NA	NA
peak452	NA	NA	NA
peak452	NA	NA	NA
peak452	NA	NA	NA
peak452	NA	NA	NA
peak452	NA	NA	NA
peak452	NA	NA	NA
peak452	NA	NA	NA
peak452	NA	NA	NA
peak452	NA	NA	NA
peak452	NA	NA	NA
peak452	NA	NA	NA
peak452	NA	NA	NA
peak452	NA	NA	NA
peak452	NA	NA	NA
peak452	NA	NA	NA
peak452	NA	NA	NA
peak452	NA	NA	NA
peak452	NA	NA	NA
peak452	NA	NA	NA
peak452	NA	NA	NA
peak452	NA	NA	NA
peak452	NA	NA	NA
peak452	NA	NA	NA
peak452	NA	NA	NA
peak452	NA	NA	NA
peak452	NA	NA	NA
peak452	NA	NA	NA
peak452	NA	NA	NA
peak452	NA	NA	NA
peak452	NA	NA	NA
peak452	NA	NA	NA
peak452	NA	NA	NA
peak452	NA	NA	NA
peak452	NA	NA	NA
peak452	NA	NA	NA
peak452	NA	NA	NA
peak452	NA	NA	NA
peak452	NA	NA	NA
peak452	NA	NA	NA
peak452	NA	NA	NA
peak452	NA	NA	NA
peak452	NA	NA	NA
peak452	NA	NA	NA
peak452	NA	NA	NA
peak452	NA	NA	NA
peak452	NA	NA	NA
peak452	NA	NA	NA
peak452	NA	NA	NA
peak452	NA	NA	NA
peak452	NA	NA	NA
peak452	NA	NA	NA
peak452	NA	NA	NA
peak452	NA	NA	NA
peak452	NA	NA	NA
peak452	NA	NA	NA
peak452	NA	NA	NA
peak452	NA	NA	NA
peak452	NA	NA	NA
peak452	NA	NA	NA
peak452	NA	NA	NA
peak452	NA	NA	NA
peak452	NA	NA	NA
peak452	NA	NA	NA
peak452	NA	NA	NA
peak466	HMDB0007887	NA	PC(14:0/22:1(13Z))
peak466	HMDB0007919	NA	PC(14:1(9Z)/22:0)
peak466	HMDB0007978	NA	PC(16:0/20:1(11Z))
peak466	HMDB0007988	NA	PC(16:0/22:4(7Z,10Z,13Z,16Z))
peak466	HMDB0008010	NA	PC(16:1(9Z)/20:0)
peak466	HMDB0008037	NA	PC(18:0/18:1(11Z))
peak466	HMDB0008038	NA	PC(18:0/18:1(9Z))
peak466	HMDB0008048	NA	PC(18:0/20:4(5Z,8Z,11Z,14Z))
peak466	HMDB0008049	NA	PC(18:0/20:4(8Z,11Z,14Z,17Z))
peak466	HMDB0008069	NA	PC(18:1(11Z)/18:0)
peak466	HMDB0008079	NA	PC(18:1(11Z)/20:3(5Z,8Z,11Z))
peak466	HMDB0008080	NA	PC(18:1(11Z)/20:3(8Z,11Z,14Z))
peak466	HMDB0008102	NA	PC(18:1(9Z)/18:0)
peak466	HMDB0008112	NA	PC(18:1(9Z)/20:3(5Z,8Z,11Z))
peak466	HMDB0008113	NA	PC(18:1(9Z)/20:3(8Z,11Z,14Z))
peak466	HMDB0008145	NA	PC(18:2(9Z,12Z)/20:2(11Z,14Z))
peak466	HMDB0008176	NA	PC(18:3(6Z,9Z,12Z)/20:1(11Z))
peak466	HMDB0008209	NA	PC(18:3(9Z,12Z,15Z)/20:1(11Z))
peak466	HMDB0008241	NA	PC(18:4(6Z,9Z,12Z,15Z)/20:0)
peak466	HMDB0008266	NA	PC(20:0/16:1(9Z))
peak466	HMDB0008273	NA	PC(20:0/18:4(6Z,9Z,12Z,15Z))
peak466	HMDB0008298	NA	PC(20:1(11Z)/16:0)
peak466	HMDB0008304	NA	PC(20:1(11Z)/18:3(6Z,9Z,12Z))
peak466	HMDB0008305	NA	PC(20:1(11Z)/18:3(9Z,12Z,15Z))
peak466	HMDB0008336	NA	PC(20:2(11Z,14Z)/18:2(9Z,12Z))
peak466	HMDB0008367	NA	PC(20:3(5Z,8Z,11Z)/18:1(11Z))
peak466	HMDB0008368	NA	PC(20:3(5Z,8Z,11Z)/18:1(9Z))
peak466	HMDB0008400	NA	PC(20:3(8Z,11Z,14Z)/18:1(11Z))
peak466	HMDB0008401	NA	PC(20:3(8Z,11Z,14Z)/18:1(9Z))
peak466	HMDB0008431	NA	PC(20:4(5Z,8Z,11Z,14Z)/18:0)
peak466	HMDB0008464	NA	PC(20:4(8Z,11Z,14Z,17Z)/18:0)
peak466	HMDB0008526	NA	PC(22:0/14:1(9Z))
peak466	HMDB0008558	NA	PC(22:1(13Z)/14:0)
peak466	HMDB0008626	NA	PC(22:4(7Z,10Z,13Z,16Z)/16:0)
peak466	NA	NA	NA
peak466	NA	NA	NA
peak466	NA	NA	NA
peak466	NA	NA	NA
peak466	NA	NA	NA
peak466	NA	NA	NA
peak466	NA	NA	NA
peak466	NA	NA	NA
peak466	NA	NA	NA
peak466	NA	NA	NA
peak466	NA	NA	NA
peak466	NA	NA	NA
peak466	NA	NA	NA
peak466	NA	NA	NA
peak466	NA	NA	NA
peak466	NA	NA	NA
peak466	NA	NA	NA
peak466	NA	NA	NA
peak466	NA	NA	NA
peak466	NA	NA	NA
peak466	NA	NA	NA
peak466	NA	NA	NA
peak466	NA	NA	NA
peak466	NA	NA	NA
peak466	NA	NA	NA
peak466	NA	NA	NA
peak466	NA	NA	NA
peak466	NA	NA	NA
peak466	NA	NA	NA
peak466	NA	NA	NA
peak466	NA	NA	NA
peak472	HMDB0008457	NA	PC(20:4(5Z,8Z,11Z,14Z)/P-18:1(11Z))
peak472	HMDB0008458	NA	PC(20:4(5Z,8Z,11Z,14Z)/P-18:1(9Z))
peak472	HMDB0008490	NA	PC(20:4(8Z,11Z,14Z,17Z)/P-18:1(11Z))
peak472	HMDB0008491	NA	PC(20:4(8Z,11Z,14Z,17Z)/P-18:1(9Z))
peak472	HMDB0008522	NA	PC(20:5(5Z,8Z,11Z,14Z,17Z)/P-18:0)
peak472	HMDB0008685	NA	PC(22:5(4Z,7Z,10Z,13Z,16Z)/P-16:0)
peak472	HMDB0008718	NA	PC(22:5(7Z,10Z,13Z,16Z,19Z)/P-16:0)
peak472	HMDB0011227	NA	PC(P-16:0/22:5(4Z,7Z,10Z,13Z,16Z))
peak472	HMDB0011255	NA	PC(P-18:0/20:5(5Z,8Z,11Z,14Z,17Z))
peak472	HMDB0011286	NA	PC(P-18:1(11Z)/20:4(5Z,8Z,11Z,14Z))
peak472	HMDB0011287	NA	PC(P-18:1(11Z)/20:4(8Z,11Z,14Z,17Z))
peak472	HMDB0011319	NA	PC(P-18:1(9Z)/20:4(5Z,8Z,11Z,14Z))
peak472	HMDB0011320	NA	PC(P-18:1(9Z)/20:4(8Z,11Z,14Z,17Z))
peak472	HMDB0013409	NA	PC(O-16:0/22:6(4Z,7Z,10Z,13Z,16Z,19Z))
peak472	NA	NA	NA
peak472	NA	NA	NA
peak472	NA	NA	NA
peak503	NA	NA	NA
peak529	NA	NA	NA
peak531	NA	NA	NA
